rank,issue_id,complaint_count,severity_sum,mean_severity,priority_score,topic
1,billing.free_tier_limits,10,30,3.000000,30,billing
2,usability.ads,8,17,2.125000,17,usability
3,other.general,8,16,2.000000,16,other
4,catalog.unavailable,3,9,3.000000,9,catalog
5,usability.controls,3,9,3.000000,9,usability
6,playback.crash,2,8,4.000000,8,playback
7,catalog.lyrics,2,6,3.000000,6,catalog
8,playback.devices_connectivity,2,6,3.000000,6,playback
9,playback.interruptions,2,6,3.000000,6,playback
10,access.login,1,4,4.000000,4,access
11,other.unclear,2,4,2.000000,4,other
12,usability.interface,2,4,2.000000,4,usability
13,access.account,1,3,3.000000,3,access
14,catalog.recommendations,1,3,3.000000,3,catalog
15,downloads.offline,1,3,3.000000,3,downloads
16,playback.other,1,3,3.000000,3,playback
17,playback.performance,1,3,3.000000,3,playback
18,playback.resource_use,1,3,3.000000,3,playback
19,support.other,1,3,3.000000,3,support
