rank,issue_id,complaint_count,severity_sum,mean_severity,priority_score
1,other.general,9346,18733,2.004387,18733
2,billing.free_tier_limits,5908,17680,2.992552,17680
3,usability.ads,5847,12892,2.204891,12892
4,usability.interface,3945,8487,2.151331,8487
5,playback.interruptions,2109,6349,3.010431,6349
6,playback.crash,1528,6020,3.939791,6020
7,usability.controls,2081,5848,2.810187,5848
8,usability.library_queue,1869,5202,2.783307,5202
9,access.login,957,3716,3.882968,3716
10,playback.performance,1196,3532,2.953177,3532
11,billing.entitlement,1003,3140,3.130608,3140
12,playback.devices_connectivity,1023,3080,3.010753,3080
13,catalog.recommendations,1028,2496,2.428016,2496
14,catalog.unavailable,646,1913,2.961300,1913
15,catalog.lyrics,636,1901,2.988994,1901
16,access.account,380,1318,3.468421,1318
17,billing.price,554,1162,2.097473,1162
18,playback.audio_quality,422,1144,2.710900,1144
19,other.unclear,425,855,2.011765,855
20,catalog.other,288,674,2.340278,674
21,playback.resource_use,221,656,2.968326,656
22,catalog.search,199,536,2.693467,536
23,access.other,231,523,2.264069,523
24,access.logout,203,509,2.507389,509
25,access.security,125,485,3.880000,485
26,downloads.offline,155,470,3.032258,470
27,billing.charges,97,394,4.061856,394
28,downloads.failure,130,375,2.884615,375
29,downloads.lost,106,342,3.226415,342
30,playback.other,128,340,2.656250,340
31,support.contact,63,187,2.968254,187
32,usability.other,73,152,2.082192,152
33,downloads.other,32,86,2.687500,86
34,support.resolution,23,67,2.913043,67
35,billing.other,28,61,2.178571,61
36,support.other,19,50,2.631579,50
37,catalog.podcasts_audiobooks,14,37,2.642857,37
