month,reviews,complaints,access,usability,playback,billing_support,downloads,catalog,other
2022-05,2379,719,29,276,220,80,16,54,44
2022-06,4609,1307,45,498,417,143,26,101,77
2022-07,4916,1717,67,597,609,187,32,131,94
2022-08,4717,1355,33,594,353,175,24,101,75
2022-09,4064,1084,42,474,260,130,17,94,67
2022-10,4120,1122,48,520,244,122,27,92,69
2022-11,4073,1159,49,509,263,163,21,94,60
2022-12,4819,1661,72,567,477,186,23,183,153
2023-01,4324,1266,77,445,385,147,22,100,90
2023-02,3130,881,48,377,217,106,12,73,48
2023-03,4144,1384,36,728,251,137,28,137,67
2023-04,3837,1249,46,612,249,124,29,132,57
2023-05,4261,1342,103,493,252,204,20,165,105
2023-06,4069,1442,115,550,255,240,21,158,103
2023-07,12856,7109,306,862,411,370,28,204,4928
2023-08,4769,1786,178,575,332,253,18,150,280
2023-09,6384,3302,205,1157,414,773,24,284,445
2023-10,13404,9670,281,2926,676,3201,26,422,2138
2023-11,5188,3483,116,1055,342,954,9,136,871
