pilot_run,request_id,role,model,tier,outcome,usage_available,billing_item,billed_units,unit,price_usd_per_unit,item_cost_usd
cold,pilot-cold-enrich-i1-000001,enrich,gemma4:e2b-it-qat,standard,succeeded,True,input_uncached,5356,token,0.0000000000,0.0000000000
cold,pilot-cold-enrich-i1-000001,enrich,gemma4:e2b-it-qat,standard,succeeded,True,input_cache_write_5m,0,token,0.0000000000,0.0000000000
cold,pilot-cold-enrich-i1-000001,enrich,gemma4:e2b-it-qat,standard,succeeded,True,input_cache_read,0,token,0.0000000000,0.0000000000
cold,pilot-cold-enrich-i1-000001,enrich,gemma4:e2b-it-qat,standard,succeeded,True,output,1192,token,0.0000000000,0.0000000000
cold,pilot-cold-enrich-i1-000002,enrich,gemma4:e2b-it-qat,standard,succeeded,True,input_uncached,5396,token,0.0000000000,0.0000000000
cold,pilot-cold-enrich-i1-000002,enrich,gemma4:e2b-it-qat,standard,succeeded,True,input_cache_write_5m,0,token,0.0000000000,0.0000000000
cold,pilot-cold-enrich-i1-000002,enrich,gemma4:e2b-it-qat,standard,succeeded,True,input_cache_read,0,token,0.0000000000,0.0000000000
cold,pilot-cold-enrich-i1-000002,enrich,gemma4:e2b-it-qat,standard,succeeded,True,output,1227,token,0.0000000000,0.0000000000
cold,pilot-cold-verify-i1-000003,verify,gemma4:e2b-it-qat,standard,succeeded,True,input_uncached,2346,token,0.0000000000,0.0000000000
cold,pilot-cold-verify-i1-000003,verify,gemma4:e2b-it-qat,standard,succeeded,True,input_cache_write_5m,0,token,0.0000000000,0.0000000000
cold,pilot-cold-verify-i1-000003,verify,gemma4:e2b-it-qat,standard,succeeded,True,input_cache_read,0,token,0.0000000000,0.0000000000
cold,pilot-cold-verify-i1-000003,verify,gemma4:e2b-it-qat,standard,succeeded,True,output,1550,token,0.0000000000,0.0000000000
cold,pilot-cold-group-i1-000004,group,gemma4:e2b-it-qat,standard,succeeded,True,input_uncached,1214,token,0.0000000000,0.0000000000
cold,pilot-cold-group-i1-000004,group,gemma4:e2b-it-qat,standard,succeeded,True,input_cache_write_5m,0,token,0.0000000000,0.0000000000
cold,pilot-cold-group-i1-000004,group,gemma4:e2b-it-qat,standard,succeeded,True,input_cache_read,0,token,0.0000000000,0.0000000000
cold,pilot-cold-group-i1-000004,group,gemma4:e2b-it-qat,standard,succeeded,True,output,110,token,0.0000000000,0.0000000000
cold,pilot-cold-group-i1-000005,group,gemma4:e2b-it-qat,standard,succeeded,True,input_uncached,930,token,0.0000000000,0.0000000000
cold,pilot-cold-group-i1-000005,group,gemma4:e2b-it-qat,standard,succeeded,True,input_cache_write_5m,0,token,0.0000000000,0.0000000000
cold,pilot-cold-group-i1-000005,group,gemma4:e2b-it-qat,standard,succeeded,True,input_cache_read,0,token,0.0000000000,0.0000000000
cold,pilot-cold-group-i1-000005,group,gemma4:e2b-it-qat,standard,succeeded,True,output,72,token,0.0000000000,0.0000000000
cold,pilot-cold-group-i1-000006,group,gemma4:e2b-it-qat,standard,succeeded,True,input_uncached,866,token,0.0000000000,0.0000000000
cold,pilot-cold-group-i1-000006,group,gemma4:e2b-it-qat,standard,succeeded,True,input_cache_write_5m,0,token,0.0000000000,0.0000000000
cold,pilot-cold-group-i1-000006,group,gemma4:e2b-it-qat,standard,succeeded,True,input_cache_read,0,token,0.0000000000,0.0000000000
cold,pilot-cold-group-i1-000006,group,gemma4:e2b-it-qat,standard,succeeded,True,output,68,token,0.0000000000,0.0000000000
cold,pilot-cold-group-i1-000007,group,gemma4:e2b-it-qat,standard,succeeded,True,input_uncached,510,token,0.0000000000,0.0000000000
cold,pilot-cold-group-i1-000007,group,gemma4:e2b-it-qat,standard,succeeded,True,input_cache_write_5m,0,token,0.0000000000,0.0000000000
cold,pilot-cold-group-i1-000007,group,gemma4:e2b-it-qat,standard,succeeded,True,input_cache_read,0,token,0.0000000000,0.0000000000
cold,pilot-cold-group-i1-000007,group,gemma4:e2b-it-qat,standard,succeeded,True,output,101,token,0.0000000000,0.0000000000
cold,pilot-cold-group-i1-000008,group,gemma4:e2b-it-qat,standard,succeeded,True,input_uncached,608,token,0.0000000000,0.0000000000
cold,pilot-cold-group-i1-000008,group,gemma4:e2b-it-qat,standard,succeeded,True,input_cache_write_5m,0,token,0.0000000000,0.0000000000
cold,pilot-cold-group-i1-000008,group,gemma4:e2b-it-qat,standard,succeeded,True,input_cache_read,0,token,0.0000000000,0.0000000000
cold,pilot-cold-group-i1-000008,group,gemma4:e2b-it-qat,standard,succeeded,True,output,69,token,0.0000000000,0.0000000000
cold,pilot-cold-group-i1-000009,group,gemma4:e2b-it-qat,standard,succeeded,True,input_uncached,371,token,0.0000000000,0.0000000000
cold,pilot-cold-group-i1-000009,group,gemma4:e2b-it-qat,standard,succeeded,True,input_cache_write_5m,0,token,0.0000000000,0.0000000000
cold,pilot-cold-group-i1-000009,group,gemma4:e2b-it-qat,standard,succeeded,True,input_cache_read,95,token,0.0000000000,0.0000000000
cold,pilot-cold-group-i1-000009,group,gemma4:e2b-it-qat,standard,succeeded,True,output,60,token,0.0000000000,0.0000000000
cold,pilot-cold-group-i1-000010,group,gemma4:e2b-it-qat,standard,succeeded,True,input_uncached,379,token,0.0000000000,0.0000000000
cold,pilot-cold-group-i1-000010,group,gemma4:e2b-it-qat,standard,succeeded,True,input_cache_write_5m,0,token,0.0000000000,0.0000000000
cold,pilot-cold-group-i1-000010,group,gemma4:e2b-it-qat,standard,succeeded,True,input_cache_read,94,token,0.0000000000,0.0000000000
cold,pilot-cold-group-i1-000010,group,gemma4:e2b-it-qat,standard,succeeded,True,output,56,token,0.0000000000,0.0000000000
cold,pilot-cold-group-i1-000011,group,gemma4:e2b-it-qat,standard,succeeded,True,input_uncached,381,token,0.0000000000,0.0000000000
cold,pilot-cold-group-i1-000011,group,gemma4:e2b-it-qat,standard,succeeded,True,input_cache_write_5m,0,token,0.0000000000,0.0000000000
cold,pilot-cold-group-i1-000011,group,gemma4:e2b-it-qat,standard,succeeded,True,input_cache_read,93,token,0.0000000000,0.0000000000
cold,pilot-cold-group-i1-000011,group,gemma4:e2b-it-qat,standard,succeeded,True,output,109,token,0.0000000000,0.0000000000
cold,pilot-cold-group-i1-000012,group,gemma4:e2b-it-qat,standard,succeeded,True,input_uncached,406,token,0.0000000000,0.0000000000
cold,pilot-cold-group-i1-000012,group,gemma4:e2b-it-qat,standard,succeeded,True,input_cache_write_5m,0,token,0.0000000000,0.0000000000
cold,pilot-cold-group-i1-000012,group,gemma4:e2b-it-qat,standard,succeeded,True,input_cache_read,92,token,0.0000000000,0.0000000000
cold,pilot-cold-group-i1-000012,group,gemma4:e2b-it-qat,standard,succeeded,True,output,69,token,0.0000000000,0.0000000000
cold,pilot-cold-group-i1-000013,group,gemma4:e2b-it-qat,standard,succeeded,True,input_uncached,301,token,0.0000000000,0.0000000000
cold,pilot-cold-group-i1-000013,group,gemma4:e2b-it-qat,standard,succeeded,True,input_cache_write_5m,0,token,0.0000000000,0.0000000000
cold,pilot-cold-group-i1-000013,group,gemma4:e2b-it-qat,standard,succeeded,True,input_cache_read,91,token,0.0000000000,0.0000000000
cold,pilot-cold-group-i1-000013,group,gemma4:e2b-it-qat,standard,succeeded,True,output,96,token,0.0000000000,0.0000000000
cold,pilot-cold-group-i1-000014,group,gemma4:e2b-it-qat,standard,succeeded,True,input_uncached,411,token,0.0000000000,0.0000000000
cold,pilot-cold-group-i1-000014,group,gemma4:e2b-it-qat,standard,succeeded,True,input_cache_write_5m,0,token,0.0000000000,0.0000000000
cold,pilot-cold-group-i1-000014,group,gemma4:e2b-it-qat,standard,succeeded,True,input_cache_read,90,token,0.0000000000,0.0000000000
cold,pilot-cold-group-i1-000014,group,gemma4:e2b-it-qat,standard,succeeded,True,output,95,token,0.0000000000,0.0000000000
cold,pilot-cold-group-i1-000015,group,gemma4:e2b-it-qat,standard,succeeded,True,input_uncached,371,token,0.0000000000,0.0000000000
cold,pilot-cold-group-i1-000015,group,gemma4:e2b-it-qat,standard,succeeded,True,input_cache_write_5m,0,token,0.0000000000,0.0000000000
cold,pilot-cold-group-i1-000015,group,gemma4:e2b-it-qat,standard,succeeded,True,input_cache_read,89,token,0.0000000000,0.0000000000
cold,pilot-cold-group-i1-000015,group,gemma4:e2b-it-qat,standard,succeeded,True,output,102,token,0.0000000000,0.0000000000
cold,pilot-cold-group-i1-000016,group,gemma4:e2b-it-qat,standard,succeeded,True,input_uncached,306,token,0.0000000000,0.0000000000
cold,pilot-cold-group-i1-000016,group,gemma4:e2b-it-qat,standard,succeeded,True,input_cache_write_5m,0,token,0.0000000000,0.0000000000
cold,pilot-cold-group-i1-000016,group,gemma4:e2b-it-qat,standard,succeeded,True,input_cache_read,88,token,0.0000000000,0.0000000000
cold,pilot-cold-group-i1-000016,group,gemma4:e2b-it-qat,standard,succeeded,True,output,62,token,0.0000000000,0.0000000000
cold,pilot-cold-group-i1-000017,group,gemma4:e2b-it-qat,standard,succeeded,True,input_uncached,297,token,0.0000000000,0.0000000000
cold,pilot-cold-group-i1-000017,group,gemma4:e2b-it-qat,standard,succeeded,True,input_cache_write_5m,0,token,0.0000000000,0.0000000000
cold,pilot-cold-group-i1-000017,group,gemma4:e2b-it-qat,standard,succeeded,True,input_cache_read,87,token,0.0000000000,0.0000000000
cold,pilot-cold-group-i1-000017,group,gemma4:e2b-it-qat,standard,succeeded,True,output,52,token,0.0000000000,0.0000000000
cold,pilot-cold-group-i1-000018,group,gemma4:e2b-it-qat,standard,succeeded,True,input_uncached,282,token,0.0000000000,0.0000000000
cold,pilot-cold-group-i1-000018,group,gemma4:e2b-it-qat,standard,succeeded,True,input_cache_write_5m,0,token,0.0000000000,0.0000000000
cold,pilot-cold-group-i1-000018,group,gemma4:e2b-it-qat,standard,succeeded,True,input_cache_read,86,token,0.0000000000,0.0000000000
cold,pilot-cold-group-i1-000018,group,gemma4:e2b-it-qat,standard,succeeded,True,output,51,token,0.0000000000,0.0000000000
cold,pilot-cold-group-i1-000019,group,gemma4:e2b-it-qat,standard,succeeded,True,input_uncached,299,token,0.0000000000,0.0000000000
cold,pilot-cold-group-i1-000019,group,gemma4:e2b-it-qat,standard,succeeded,True,input_cache_write_5m,0,token,0.0000000000,0.0000000000
cold,pilot-cold-group-i1-000019,group,gemma4:e2b-it-qat,standard,succeeded,True,input_cache_read,85,token,0.0000000000,0.0000000000
cold,pilot-cold-group-i1-000019,group,gemma4:e2b-it-qat,standard,succeeded,True,output,54,token,0.0000000000,0.0000000000
cold,pilot-cold-group-i1-000020,group,gemma4:e2b-it-qat,standard,succeeded,True,input_uncached,296,token,0.0000000000,0.0000000000
cold,pilot-cold-group-i1-000020,group,gemma4:e2b-it-qat,standard,succeeded,True,input_cache_write_5m,0,token,0.0000000000,0.0000000000
cold,pilot-cold-group-i1-000020,group,gemma4:e2b-it-qat,standard,succeeded,True,input_cache_read,84,token,0.0000000000,0.0000000000
cold,pilot-cold-group-i1-000020,group,gemma4:e2b-it-qat,standard,succeeded,True,output,56,token,0.0000000000,0.0000000000
cold,pilot-cold-group-i1-000021,group,gemma4:e2b-it-qat,standard,succeeded,True,input_uncached,307,token,0.0000000000,0.0000000000
cold,pilot-cold-group-i1-000021,group,gemma4:e2b-it-qat,standard,succeeded,True,input_cache_write_5m,0,token,0.0000000000,0.0000000000
cold,pilot-cold-group-i1-000021,group,gemma4:e2b-it-qat,standard,succeeded,True,input_cache_read,83,token,0.0000000000,0.0000000000
cold,pilot-cold-group-i1-000021,group,gemma4:e2b-it-qat,standard,succeeded,True,output,99,token,0.0000000000,0.0000000000
cold,pilot-cold-group-i1-000022,group,gemma4:e2b-it-qat,standard,succeeded,True,input_uncached,316,token,0.0000000000,0.0000000000
cold,pilot-cold-group-i1-000022,group,gemma4:e2b-it-qat,standard,succeeded,True,input_cache_write_5m,0,token,0.0000000000,0.0000000000
cold,pilot-cold-group-i1-000022,group,gemma4:e2b-it-qat,standard,succeeded,True,input_cache_read,82,token,0.0000000000,0.0000000000
cold,pilot-cold-group-i1-000022,group,gemma4:e2b-it-qat,standard,succeeded,True,output,56,token,0.0000000000,0.0000000000
cold,pilot-cold-memo-i1-000023,memo,gemma4:e2b-it-qat,standard,succeeded,True,input_uncached,4475,token,0.0000000000,0.0000000000
cold,pilot-cold-memo-i1-000023,memo,gemma4:e2b-it-qat,standard,succeeded,True,input_cache_write_5m,0,token,0.0000000000,0.0000000000
cold,pilot-cold-memo-i1-000023,memo,gemma4:e2b-it-qat,standard,succeeded,True,input_cache_read,0,token,0.0000000000,0.0000000000
cold,pilot-cold-memo-i1-000023,memo,gemma4:e2b-it-qat,standard,succeeded,True,output,532,token,0.0000000000,0.0000000000
